KTHMAX,easy
BASE,easy
LTM40CD,easy
TREECAKE,easy
AVGSHORT,easy
EQUALIZE,easy
CHAHG,easy
MAXDIST,easy
CHEFTWOS,easy
BGQRS,easy
MXSUBARR,easy
CHSHIFU,easy
CHINFL,easy
GOODNUMB,easy
ANKPAL,easy
SECUBE,easy
RECTLOVE,easy
SEATSTR2,easy
SEATL,easy
EZNO,easy
CHCINEMA,easy
KOL1506,easy
SETELE,easy
KOL1509,easy
DEVLDISC,easy
FRIEMEET,easy
FENWITER,easy
KOL1502,easy
KIRLAB,easy
CHEFCRUN,easy
CHSGMNTS,easy
FFCOMB,easy
ANKGAME,easy
RECRECOV,easy
CHEFSSET,easy
STROPR,easy
CHSTAMP,easy
GIFTCHEF,easy
KOL1504,easy
FSTSQ,easy
CHEFARC,easy
CHEFFILT,easy
CHSQR,easy
BYTEISLE,easy
BOGOSORT,easy
DEFACING,easy
FIBQ,easy
OMAX,easy
SEATRSF,easy
CIRCUITS,easy
SUPERPLN,easy
RRGAME,easy
F1,easy
N1,easy
N4,easy
FIRE,easy
COURSE,easy
FLUSHOT,easy
WINDOW2,easy
SNAKY,easy
RG_01,easy
GROWGOLD,easy
AEHASH,easy
CIELMAP,easy
GERALD05,easy
TR1,easy
BWKNIGHT,easy
MAXCROSS,easy
DDISH,easy
ABROADS,easy
A3,easy
NDUNGEON,easy
HAREJUMP,easy
LEMAGIC,easy
DOWNLOAD,easy
DIAMOND,easy
CIRKILL,easy
CUBE,easy
INSOMA2,easy
K1,easy
LOKBIL,easy
RHOUSE,easy
TOURNAM,easy
PACKBAND,easy
PPCTS,easy
RESCALC,easy
TRIP,easy
LUCKY10,easy
STEPUP,easy
RECTCNT,easy
BWALL,easy
IGAME,easy
LUCKY2,easy
LEBALONS,easy
SEAGRP,easy
LUCKPAL,easy
GENARSEQ,easy
ARRGAME2,easy
KSUBSUM,easy
FLOORI4,easy
LIGHTHSE,easy
COUNTREL,easy
ATOMS,easy
BIGPIZA,easy
MTRWY,easy
LFSTACK,easy
CTEAMS,easy
TRMAG,easy
CPERM,easy
CHSTR,easy
CHEFTMA,easy
DISHDIS,easy
PLANEDIV,easy
ABABAABA,easy
TRAVELER,easy
EQUALIZ,easy
SIGNWAVE,easy
DEVPERF,easy
LUCKYBAL,easy
CODECRCK,easy
CHEFARK,easy
LWS,easy
UASEQ,easy
TAASEQ,easy
SEALINE,easy
WEIGHT,easy
MIKE3,easy
CHEFCK,easy
CHEFBRO,easy
LEMOUSE,easy
NI01,easy
DCGAME,easy
KFUNC,easy
DRGHTS,easy
A4,easy
STRSUB,easy
CAKEDOOM,easy
CBALLS,easy
DEVCLASS,easy
CHEFAXR,easy
CHFANS,easy
CAOS2,easy
LUCKY1,easy
DREAM,easy
CHEFRRUN,easy
WSTRING,easy
RDF,easy
MOVES,easy
CHEARMY,easy
SKYSCR,easy
YNOUTPUT,easy
CHODE,easy
FRNDMTNG,easy
BINTOUR,easy
CHEFIHG,easy
MCHEF,easy
RACELANE,easy
ASTRING,easy
LEBAMBOO,easy
LEEXAMS,easy
TIMEASR,easy
FTRIP,easy
GAMEAAM,easy
LIFE,easy
CHDOGS,easy
LECARDS,easy
CHEFTET,easy
QMAXTRIX,easy
TUZGMBR,easy
CHEFELEC,easy
COLARR,easy
STDYTAB,easy
KSPHERES,easy
CHEFTOWN,easy
MAXPR,easy
TREEGAME,easy
KSUM,easy
UGLYF,easy
D6,easy
ASTRGAME,easy
BINOP,easy
CHEFBM,easy
PRETNUM,easy
DUMPLING,easy
STRQ,easy
REIGN,easy
COLLIDE,easy
LEXOPAL,easy
K2,easy
CHEFSQUA,easy
ORACLCS,easy
CHEFHACK,easy
MVCOIN,easy
PIANO1,easy
GRAYSC,easy
CHEFSPL,easy
CHBLLS,easy
EGRCAKE,easy
BWCELL,easy
BIPIN3,easy
MKSQR,easy
CHEFSOC2,easy
CUBESUM,easy
ADMAG,easy
CHEFQUE,easy
SNCK04,easy
BANROB,easy
BOUQUET,easy
GALACTIK,easy
COUNTPAL,easy
DEVJERRY,easy
CHFNFRN,easy
NDLVOTE,easy
PANSTACK,easy
CROWD,easy
NI02,easy
CHEFBR,easy
DIVMAC,easy
CHEFMATH,easy
NEWSCH,easy
FORESTGA,easy
STRBIT,easy
CHEFSEG,easy
CSEQ,easy
DIVQUERY,easy
RAINBOWB,easy
RECTQUER,easy
KGOOD,easy
STEM,easy
LEMUSIC,easy
SHIRO,easy
CLETAB,easy
ANKPAREN,easy
DEVSTR,easy
CIELTOMY,easy
WITMATH,easy
RBTREE,easy
ADDMUL,easy
CLPERM,easy
LEALCO,easy
DIVNINE,easy
FATCHEF,easy
MAXISUM,easy
ACMKANPD,easy
CHEFST,easy
TOURMAP,easy
AMSGAME2,easy
MAKEART,easy
FORGETPW,easy
DONUTS,easy
ADTRI,easy
CHBLLNS,easy
NDIFFPAL,easy
CHMOD,easy
CLOST,easy
CHEFPATH,easy
SGARDEN,easy
LUMPYBUS,easy
MMSUM,easy
CIEL8STR,easy
SEAARASU,easy
PETERSEN,easy
WORLDCUP,easy
PAIRSUM,easy
TPRODUCT,easy
GERALD03,easy
STFM,easy
EGBOBRD,easy
GRGUY,easy
CHPLGNS,easy
ALETHIO,easy
BEX,easy
COOLGUYS,easy
PERMEXIS,easy
TWSTR,easy
WOUT,easy
LCKYST,easy
DISTCODE,easy
NUMBERS,easy
EMITL,easy
PREDICT,easy
RNUM,easy
RIGHTTRI,easy
LFEB14B,easy
SPRNMBRS,easy
TWODOGS,easy
SANSKAR,easy
TAAPLUSB,easy
MIKE1,easy
FCBARCA,easy
DIVGOLD,easy
REARRSTR,easy
LEVY,easy
MAXCOMP,easy
CHCOINSG,easy
DRANGE,easy
A2,easy
CSUMD,easy
CAOS1,easy
TMSLT,easy
CRAWA,easy
CHEFSOCK,easy
DELISH,easy
CHEFVOTE,easy
DESTROY,easy
PRLADDU,easy
PERMSUFF,easy
CHCUBE,easy
KINGCON,easy
HDELIVER,easy
REVERSE,easy
ADIGIT,easy
SETDIFF,easy
ONOZ,easy
CLMBSTRS,easy
PRPALN,easy
MISINTER,easy
RANKLIST,easy
RRMTRX2,easy
AMR15D,easy
EQIDLIS,easy
SPOTWO,easy
INTEG,easy
CHEFTEAM,easy
ASP,easy
ODDDIV,easy
FGFS,easy
CHEFCBA,easy
WCOUNT,easy
ROTATION,easy
PPNUM,easy
CHRECT,easy
CHEFFED,easy
SUBMIN,easy
CVOTE,easy
CHEFLR,easy
STACKS,easy
PRIMES2,easy
SPREAD,easy
GARDENSQ,easy
PNTNG,easy
CBARG,easy
TAPALIN,easy
MARBLEGF,easy
CHEFLCM,easy
POKER,easy
E1,easy
PRPOTION,easy
CHEFEQ,easy
HHAL,easy
RETPO,easy
DBOY,easy
MGCRNK,easy
DRGNBOOL,easy
HOMDEL,easy
MONTRANS,easy
CNOTE,easy
CHEFRP,easy
LELEMON,easy
DISHOWN,easy
SDSQUARE,easy
MAANDI,easy
APPROX2,easy
CKISSHUG,easy
EQUALITY,easy
MCHAIRS,easy
CHEFCH,easy
PROB,easy
FLAGS,easy
FROGV,easy
XORSUB,easy
AMMEAT2,easy
MANYCHEF,easy
SUBANAGR,easy
KPRIME,easy
SAD,easy
SUMPAIR,easy
GRANAMA,easy
DIGJUMP,easy
PAIRING,easy
PPTEST,easy
HELLO,easy
MIME2,easy
HELPLIRA,easy
CAPPLE,easy
BROKPHON,easy
GERALD04,easy
PUPPYGM,easy
ANUTHM,easy
COMPILER,easy
GRID,easy
DAILY,easy
DISCHAR,easy
XORNUBER,easy
ARRANGE,easy
FIRESC,easy
RRCODE,easy
NAME1,easy
PROSUM,easy
EQUATION,easy
NOLOGIC,easy
SPOON,easy
THREEDIF,easy
CHEFSTON,easy
CHEFGR,easy
CIELDIST,easy
ANUARM,easy
DIRECTI,easy
LCPESY,easy
KNIGHTMV,easy
LEDIV,easy
A1,easy
APPROX,easy
KINGSHIP,easy
COMMUTE,easy
CHEFA,easy
BINTREE,easy
RRSTONE,easy
POINTS,easy
AMMEAT,easy
ROWCOLOP,easy
CHEFZOT,easy
PRGIFT,easy
PLAYFIT,easy
SUBGCD,easy
RRECIPE,easy
CSUB,easy
MARCHA2,easy
NOTATRI,easy
LUCKYSTR,easy
ANUBTG,easy
TACHSTCK,easy
ATTIC,easy
NOCODING,easy
SALARY,easy
RRSUM,easy
WALK,easy
ANUWTA,easy
LUCKY5,easy
PLZLYKME,easy
TAVISUAL,easy
ALEXNUMB,easy
ANUDTC,easy
TOTR,easy
RRCOPY,easy
DRAGNXOR,easy
OJUMPS,easy
NAME2,easy
POTATOES,easy
SPCANDY,easy
LEBOMBS,easy
AMSGAME1,easy
DECSTR,easy
RESQ,easy
DIVIDING,easy
MAXDIFF,easy
RIGHTRI,easy
PCYCLE,easy
GCD2,easy
NUMGAME2,easy
ERROR,easy
J7,easy
VOTERS,easy
LEPERMUT,easy
STONES,easy
BUYING2,easy
LAPIN,easy
EASYPROB,easy
CARVANS,easy
CONFLIP,easy
NUKES,easy
JOHNY,easy
MARCHA1,easy
HORSES,easy
CLEANUP,easy
CIELAB,easy
CHEFPRES,medium
JRNTREE,medium
CATCHSM,medium
SEGTREE2,medium
REGIONS,medium
SUMPP,medium
RAINFALL,medium
CHEFAFD,medium
GAMCOUNT,medium
SBSTCNT,medium
SEQUAT2,medium
FFUNCT,medium
KOL1501,medium
THREECOL,medium
ISONUM,medium
ANKINTER,medium
SEATR,medium
KOL1507,medium
BEAUTY,medium
MINSHIFT,medium
CIRCLEQ,medium
EXAMCOPY,medium
PEOPLOVE,medium
SELECT,medium
BALANPOL,medium
TREEP,medium
LTM40EF,medium
KOL1508,medium
LABEL,medium
MCKTUR,medium
ALEXROSE,medium
CHEFVEC,medium
CHEFDOMA,medium
FLOORDIS,medium
XORPATH,medium
RESTPERM,medium
KCONNECT,medium
KOL1503,medium
KIRMEME,medium
QUEHEA,medium
PEAKS,medium
CALLSCHE,medium
CHEFLIQD,medium
MAXGRID,medium
CHEFCLOS,medium
E2,medium
ECODE,medium
GRIDCHEF,medium
ODDBIN,medium
SEEDS,medium
SQUAGAME,medium
CROWNS,medium
RESTOCK,medium
POSTAL,medium
PERMDIG,medium
BUYING,medium
GAPFILL,medium
FLOORSMV,medium
LUCKFILL,medium
CIELNUM3,medium
ZENCALC,medium
BMASTER,medium
ARIGEOM,medium
AMROOK,medium
GERALD06,medium
ORDERAAM,medium
DEVHAND,medium
VISITALL,medium
COLORING,medium
AHWORK,medium
MAZE,medium
LISLDS,medium
PHRASES,medium
MENU,medium
J1,medium
C3,medium
D3,medium
F5,medium
F2,medium
N3,medium
TR2,medium
SUMSLOPE,medium
SWARM,medium
GLASS,medium
RESTEXP,medium
PUZZLES,medium
COLLTIME,medium
SEQUENCE,medium
NETWORK,medium
MEANMEDI,medium
NONPALIN,medium
GRAPLANE,medium
LUCKY4,medium
CIELBTL,medium
LUCKYCOM,medium
HOB,medium
GRIDCOL,medium
STRDIG,medium
COTA,medium
DIREL,medium
FUNAGP,medium
TREERGB,medium
AGENTS,medium
TABLECOV,medium
CUTSQRS,medium
B1,medium
C2,medium
F3,medium
K3,medium
VOTING,medium
HAPPY,medium
TERM,medium
ENERGY,medium
COOKOFF2,medium
BLOCKDRO,medium
FALLDOWN,medium
MAXGAME,medium
NI03,medium
DECORATE,medium
SUBTREE,medium
IDOLS,medium
SEASTONE,medium
GRIDCONN,medium
ANCOIMP,medium
ANKMARKS,medium
MMATCH,medium
AX,medium
G1,medium
TWOCHEFS,medium
BALANCED,medium
PDSNUM,medium
UNFRIEND,medium
TRANSFIG,medium
ANUBTT,medium
POWSUMS,medium
B3,medium
ARITHPR,medium
FLY,medium
SEADIV,medium
GERALD3,medium
MXSM,medium
TOMJERGA,medium
E4,medium
G2,medium
BOMBING,medium
SOCIAL,medium
CHPLNTS,medium
CHEFPOLY,medium
TFOSS,medium
TARPRACT,medium
CAREFUL,medium
SEABUB,medium
CIRCLE,medium
DEVVOTE,medium
ANKNIM2,medium
TREEPROD,medium
COUNTIES,medium
FACTSUM,medium
BUILDING,medium
PALIPALI,medium
PARPOLY,medium
TANGLED,medium
TANDC,medium
HBIRD,medium
SEEDLING,medium
FAIRPAIR,medium
LTM40GH,medium
GROUPING,medium
OLYMPIC,medium
WSCAGAIN,medium
CLOSEFAR,medium
SWINDOW,medium
CANDY,medium
COOKOFF,medium
PAINTING,medium
CHEFHCK2,medium
CNR,medium
ANKLEX,medium
CHEFNUM,medium
YALOP,medium
MACGUN,medium
TASTYD,medium
EXNETWRK,medium
G3,medium
M3,medium
NEWREST,medium
LUCKYSWP,medium
GRTRIP,medium
DEVSHOW,medium
UNPAIR,medium
LOTERY,medium
KOL1510,medium
CHESSGM,medium
TEAMSIZE,medium
LFEB14A,medium
STETSKLX,medium
TREEDIAM,medium
SNCK05,medium
PHOTOS,medium
COLCHAIN,medium
COINCHNG,medium
TCP,medium
PATTMATC,medium
MTMXSUM,medium
C5,medium
BESTSUM,medium
CHEFWD,medium
DIVPRO,medium
SEAGCD2,medium
TASTRMAT,medium
DINING,medium
CARDLINE,medium
KUNIQUE,medium
PARALLEL,medium
LUCKY9,medium
TMRATING,medium
TREEFUN,medium
MAXMATCH,medium
TRAVTREE,medium
CIELQUIZ,medium
TRAINING,medium
CYLINDER,medium
TAACUTE,medium
CHITHH,medium
SHGAME,medium
PUPPYPLM,medium
STREGGS,medium
MOREFB,medium
FAVNUM,medium
CHEFPASS,medium
LUCKG,medium
CHEFKLCS,medium
LEBINARY,medium
NI04,medium
INVITES,medium
UNIQUE,medium
KINT,medium
URBANDEV,medium
CHEFGIFT,medium
ANDOOR,medium
AMSEQT,medium
TREES,medium
JABO,medium
LMA1,medium
SEAPERM2,medium
HLDOTS,medium
SHAIKHGN,medium
J3,medium
LEBLOCKS,medium
AMXOR,medium
LUCKY3,medium
RIPPLE,medium
ACMKANPB,medium
KNIGHTS,medium
KCHIPS,medium
TRIPCOST,medium
FCUBE,medium
PERSHFTS,medium
MMADNESS,medium
MEDIAN,medium
COFFEE,medium
BAKE,medium
BBSYSTEM,medium
CHEFSHOP,medium
SEAKAM,medium
MMPROD,medium
COUNTWAY,medium
AMBALLS,medium
SEQLCS,medium
TAUT,medium
PALINDR,medium
MANYLIST,medium
KTHCON,medium
WORKCHEF,medium
LOGGERS,medium
PREPARE,medium
LEFEED,medium
GANGAAM,medium
DIVIDE,medium
CHSPARR,medium
SVNTR,medium
STDPRGS,medium
POLYEVAL,medium
B5,medium
RSRECIPE,medium
PALIN3,medium
MPROD,medium
SEAPAIR,medium
DDILEMMA,medium
LIGHT,medium
JUNONGF,medium
TACHEMIS,medium
SEAGM,medium
PROPOSAL,medium
LEBOBBLE,medium
WPLAY,medium
THEGAME,medium
HCLEAN,medium
HISTJUNK,medium
CBARS,medium
CAOS3,medium
CHEFGRPH,medium
D2,medium
REPSTR,medium
SEREJA,medium
NTHCIR,medium
CHEFINV,medium
ALOST,medium
XOR,medium
MINXOR,medium
CHEFAOR,medium
HOB2,medium
CHSEQ22,medium
WALL,medium
CYCLRACE,medium
CANDYGAM,medium
RRBIGNUM,medium
SEAPROAR,medium
PAINTBOX,medium
TREE,medium
TWINRO,medium
ANDTUPLE,medium
XORGRID,medium
RIVPILE,medium
CHXORR,medium
LUCKY8,medium
METEORAK,medium
CHEFDTRE,medium
CHEFGIRL,medium
NUMSUM,medium
TASUMOBC,medium
EQUATIO,medium
SEABAL,medium
KFORK,medium
DEVGOSTR,medium
MADHAT,medium
CORRCHK,medium
RRJAM,medium
FOMBRO,medium
PP,medium
MAKELIS,medium
TAPOINT,medium
CFTREE,medium
TOOLS,medium
ANUAHR,medium
EXGCD,medium
LCH15CD,medium
PARITREE,medium
ANUCBC,medium
MAKPALIN,medium
STRAB,medium
FRJUMP,medium
SUBSEG2,medium
SUBSGM,medium
MOU2H,medium
CHINSM,medium
TAKEAWAY,medium
LFIVES,medium
KOL1505,medium
RRTREE,medium
PPLUCKY,medium
ANUTDP,medium
CAKECUT,medium
CHIEFETT,medium
SHOOTING,medium
NI05,medium
SEAD,medium
MOSTDIST,medium
CHEFLAND,medium
TRIQUERY,medium
TKCHOCS,medium
PUPPYCT,medium
JTREE,medium
LSTGRPH,medium
SEATR2,medium
CHEFGM,medium
ASHIGIFT,medium
COLLECT,medium
EQUAKE,medium
COOKFOOD,medium
CARLOS,medium
BLOCKING,medium
AMR15C,medium
SNCK01,medium
MDIST,medium
CHEFLKJ,medium
QCHEF,medium
MLCHEF,medium
SORTING,medium
EXPALIN,medium
SQUIRREL,medium
BICO,medium
DEVBDAY,medium
TAEDITOR,medium
QNUMBER,medium
CHEFWORD,medium
LEMOVIE,medium
TABUS,medium
FUNC,medium
AMSTRING,medium
SEAGM2,medium
ANUGCD,medium
RRDAG,medium
PAIRCLST,medium
EXPGAME,medium
RRSERVER,medium
TAQTREE,medium
MBOARD,medium
POWERMUL,medium
FDIVGAME,medium
SOLDIER,medium
ROTSTRNG,medium
J2,medium
SEAGCD,medium
ANDMIN,medium
ANURRZ,medium
COMB4SUM,medium
CNTSOLS,medium
FRBSUM,medium
AMR15B,medium
SEATSR,medium
ADDFRAC,medium
CHGLSTGT,medium
WPROB,medium
REBXOR,medium
DIVPAIR,medium
CHFQUEUE,medium
TANGDIV,medium
SUBARR,medium
KNODES,medium
MOU1H,medium
LCH15JEF,medium
KMHAMHA,medium
MONEY,medium
MATRIX2,medium
SPOONS,medium
TACNTSTR,medium
CHEFGAME,medium
REIGN2,medium
BUTTONS,medium
CHSQARR,medium
WW2,medium
CNTWAYS,medium
SEARRAYS,medium
TASTR,medium
SUBARRAY,medium
WSC,medium
TYTACTIC,medium
SSTORY,medium
CHRL3,medium
BINTREEQ,medium
SQNUMBF,medium
CNPIIM,medium
COPRIME3,medium
CHEFANUP,medium
TETRA,medium
NWAYS,medium
GIVCANDY,medium
CHEFHOME,medium
ANUBGC,medium
TALCA,medium
MIKE2,medium
CHEFD,medium
FRMQ,medium
DIVSUBS,medium
DYNAINV,medium
DIVGAME,medium
QSET,medium
PPXOR,medium
COALSCAM,medium
CHEFB,medium
STADIUM,medium
LEPAINT,medium
MARCHA4,medium
PHYSICS,medium
COUPON,medium
TWONIM,medium
MTRICK,medium
CHGIFT1,medium
STABLEMP,medium
PPERM,medium
CSS2,medium
WORDS1,medium
CHRL1,medium
KNPSK,medium
TSHIRTS,medium
LPAIR,medium
TADELIVE,medium
SUBLCM,medium
ABCSTR,medium
RRPLAYER,medium
MULTQ3,medium
ANUMLA,medium
RRFRNDS,medium
NOKIA,medium
POUR1,medium
TAAND,medium
TASHIFT,medium
ONEKING,medium
AND,medium
SEAVOTE,medium
MIXTURES,medium
ARRAYTRM,medium
NUMFACT,medium
FLIPCOIN,medium
TREEROOT,medium
PALIN,medium
MARBLES,medium
TWTCLOSE,medium
PRIME1,medium
COINS,medium
SEAPERM3,hard
BOUNCE,hard
QSTRING,hard
BIGTREE,hard
ACMKANPA,hard
CHEFSPAG,hard
WAYPA,hard
TUZTRN,hard
TRICONT,hard
TREEBAL,hard
TERVEC,hard
DUALPAL,hard
DMCS,hard
KOL1511,hard
CHEFPOL,hard
BIKE,hard
SEAINCR,hard
STARROAD,hard
REBTET,hard
ASTRD,hard
MGCHGEOM,hard
ALLPOLY,hard
CHEFTRE,hard
ARCHPLG,hard
J4,hard
POST,hard
LEPAPER,hard
LONGART,hard
AVDWAST,hard
CIELKARA,hard
MINWDSUM,hard
MGCHPERM,hard
CHNBGMT,hard
M4,hard
G5,hard
J6,hard
M1,hard
M5,hard
N2,hard
GST,hard
CLUE,hard
STEPNUMS,hard
SERVERS,hard
ESCAPE,hard
ACMKANPC,hard
RUSHHOUR,hard
BUYLAND,hard
GENIND,hard
DIGITS2,hard
HARMONY,hard
DPOWPERM,hard
CIELBALL,hard
NPIN,hard
LOGO,hard
CHEFPC,hard
SEQTOWER,hard
TREEPATH,hard
NPLANAR,hard
CHEFKC,hard
GEOCHEAT,hard
A5,hard
A7,hard
A8,hard
G4,hard
J5,hard
SNCK02,hard
GRAPHCT,hard
ARRANGE2,hard
OVENTIME,hard
ACMKANPE,hard
EVENPOLY,hard
CKSCHOOL,hard
CHEF_GAM,hard
LAMQUGAM,hard
CIELWALK,hard
CYDB,hard
HULL,hard
REARRAN,hard
CPP,hard
INVBINCF,hard
CAKE2AM,hard
LMATRIX3,hard
SUBGRAPH,hard
WRDSUM,hard
PALSTR,hard
CHEFONM,hard
D7,hard
LIGHTING,hard
REVERSED,hard
DORADM01,hard
PRDIVSUM,hard
HPARITY,hard
M2,hard
WINDOW,hard
DIVNODIV,hard
MUFFINS2,hard
CIELHACK,hard
GOODGAL,hard
MGCHGYM,hard
SEAPERMS,hard
CHEFTREE,hard
EXPCOMM,hard
TASUFFIX,hard
DEG3MAXT,hard
DFSGRID,hard
XRMTRX,hard
CONPOIN,hard
PRUNING,hard
SINSUMQ,hard
YASEQ,hard
LELUCKYN,hard
QPOLYSUM,hard
GRIDGAME,hard
TABISHOP,hard
MGCH3D,hard
SNCK03,hard
LCM,hard
DIVISORS,hard
HYPER,hard
TESTERS,hard
CHANGE,hard
INVERT,hard
TACTQUER,hard
REACHRIG,hard
HBEAR,hard
DOMNOCUT,hard
ANUSFR,hard
SADPAIRS,hard
BYTESHOP,hard
HAUNTED,hard
CIELQUAK,hard
CNTDIGIT,hard
E5,hard
STREDUC,hard
COOLNUM,hard
DRAGONST,hard
GENETICS,hard
FUNCTION,hard
LUCKYDAY,hard
GERALD2,hard
XETF,hard
MINPOLY,hard
CLOWAY,hard
FSFSFS,hard
DIGITS,hard
MAXCIR,hard
E3,hard
F4,hard
POSTERS,hard
BEARS,hard
DIVIDEN,hard
AMR15E,hard
FURGRAPH,hard
HIGH,hard
SKIRES,hard
FLYDIST,hard
EST,hard
MARTARTS,hard
STRQUERY,hard
COVERING,hard
SHORTCIR,hard
MAGIC,hard
ROUTES,hard
TWOROADS,hard
CHMAGIC,hard
TULIPS,hard
F6,hard
CUCUMBER,hard
BNGAME,hard
DISTNUM2,hard
N5,hard
MINESREV,hard
SHORT2,hard
QMARKS,hard
PUSHFLOW,hard
CNTHEX,hard
FBCHEF,hard
TROOT,hard
CUSTPRIM,hard
ANUAAA,hard
MISINT2,hard
FINDSEQ,hard
CONNECT,hard
QPOINT,hard
SHORT,hard
GTHRONES,hard
REALSET,hard
SEQCOUNT,hard
GERALD08,hard
SPSHORT,hard
BB,hard
PTOSS,hard
SPMATRIX,hard
SIGFIB,hard
EVILBOOK,hard
TICKETS,hard
SFUNC,hard
GLBEGA,hard
ALICE,hard
CLONES,hard
TMP01,hard
DISTNUM,hard
C1,hard
MUFFINS,hard
KNGHTMOV,hard
SUBQUERY,hard
BTREE,hard
CHEFBOOK,hard
ARRAYSUM,hard
TSPAGAIN,hard
DEVLOCK,hard
LPARTY,hard
AUTHEN,hard
IRONISL,hard
LCH15JGH,hard
HAMILG,hard
BWGAME,hard
SEZ,hard
JUMP,hard
LECOINS,hard
PALPROB,hard
WTHINGS,hard
RNG,hard
MSTONES,hard
DIGFORST,hard
RRTREE2,hard
FIBTREE,hard
EASYEX,hard
QTREE,hard
UPDTREE,hard
CHEFC,hard
DAGCH,hard
REACAR,hard
PERMUTE,hard
ANUDTQ,hard
FN,hard
PARSIN,hard
CROCDILE,hard
SEAORD,hard
MATCH,hard
MARCHA6,hard
LEBOXES,hard
SEAARC,hard
COT5,hard
QRECT,hard
TSUBSTR,hard
SEINC,hard
TREECNT2,hard
TDRIVER,hard
PUPPYGCD,hard
MARCHA3,hard
PARADE,hard
SEALCM,hard
SLIS,hard
QUERY,hard
RANKA,hard
CBAL,hard
TRIPS,hard
ANUSAR,hard
CNTDSETS,hard
D4,hard
FARASA,hard
TKCONVEX,hard
SEAEQ,hard
ELPHANT,hard
STREETTA,hard
GRAPHCNT,hard
TAPAIR,hard
MONOPLOY,hard
DIFTRIP,hard
QTREE6,hard
GNUM,hard
VOGOZO,hard
DGCD,hard
RIN,hard
CULPRO,hard
TWOCOMP,hard
LYRC,hard
PPTREE,hard
DOMSOL,hard
CARDSHUF,hard
XRQRS,hard
COUNTARI,hard
FNCS,hard
PRIMEDST,hard
TEAMSEL,hard
GERALD07,hard
ORDERS,hard
ANKTRAIN,school
ALEXTASK,school
SEBIHWY,school
CHEFSTUD,school
RGAME,school
BOOKCHEF,school
CHEFKEY,school
CHRL4,school
LTM40AB,school
TWEED,school
CHEFDETE,school
ENTEXAM,school
EGRANDR,school
LADDU,school
DEVARRAY,school
CHCHCL,school
STUDVOTE,school
LCOLLIS,school
TALAZY,school
TTENIS,school
LONGSEQ,school
TICKETS5,school
UTMOPR,school
ALPHABET,school
OMWG,school
MXZERO,school
STICKS,school
ACBALL,school
CFRTEST,school
ALTARAY,school
KTTABLE,school
SIMPSTAT,school
PPSUM,school
MSTEP,school
STRPALIN,school
WDTBAM,school
COLOR,school
SUBINC,school
MOVIEWKN,school
FLOW015,school
FRGTNLNG,school
CHRL2,school
BRACKETS,school
CHEFARRP,school
COOKMACH,school
TRICOIN,school
DEVUGRAP,school
CHN09,school
CHEFSQ,school
RRJOKE,school
COPS,school
VCS,school
RECTSQ,school
MISSP,school
MNMX,school
FRUITS,school
LCH15JAB,school
CHEFSTLT,school
TWOSTR,school
AMR15A,school
FLOW014,school
SPALNUM,school
FLOW011,school
CHOPRT,school
FLOW016,school
FLOW009,school
FLOW010,school
GDOG,school
PALL01,school
TRISQ,school
PRB01,school
FLOW013,school
HEADBOB,school
FLOW005,school
SMPAIR,school
FLOW008,school
FLOW018,school
FLOW017,school
FSQRT,school
COMM3,school
FLOW007,school
FLOW004,school
START01,school
LUCKFOUR,school
FLOW002,school
REMISS,school
SNAPE,school
FLOW006,school
RECIPE,school
ONP,school
FLOW001,school
CIELRCPT,school
PERMUT2,school
SUMTRIAN,school
MUFFINS3,school
TLG,school
TSORT,school
FCTRL2,school
FCTRL,school
INTEST,school
HS08TEST,school
TEST,school
MX,challenge
SHOPPING,challenge
TMBOX,challenge
CHEFJR,challenge
SCRABBLE,challenge
SEAWCU,challenge
EDIT,challenge
EX,challenge
TANKS,challenge
SNAKGAME,challenge
BYTELE,challenge
CX,challenge
L2GRAPH,challenge
TILT,challenge
CHECKERS,challenge
EMBED,challenge
DX,challenge
KX,challenge
BLOCKS,challenge
INTCOMB,challenge
ALLINONE,challenge
BICKER,challenge
AMBIDEX,challenge
SMVSEVIL,challenge
CHNWGM,challenge
SHOP2,challenge
CLUSSCHE,challenge
BYTEFOOD,challenge
BURNCITY,challenge
CROSSES,challenge
MARCHAX,challenge
GX,challenge
NX,challenge
FLOOD,challenge
STORO,challenge
CAVE,challenge
SPIN,challenge
TOURBUS,challenge
SCLUSTER,challenge
EBOLA,challenge
EFFDELIV,challenge
BX,challenge
CAKES,challenge
GRAPHCH,challenge
DELIVERY,challenge
WORDNINJ,challenge
ANUMFS,challenge
SEADIVM,challenge
FACTORY,challenge
COMPLEXT,challenge
SEASNAKE,challenge
DARTS,challenge
MAXDIFFW,challenge
SEAARI,challenge
BFORG,challenge
SPLIT,challenge
THREECLR,challenge
ADDCHAIN,challenge
SEASHUF,challenge
TOMJERRY,challenge
CHMTDV,challenge
CHTTRS,challenge
SIMNIM,challenge
KITCHEN,challenge
TOLLS,challenge
KILOWHAT,challenge
CHPUZZLE,challenge
CHMKTRPS,challenge
CHNGSS,challenge
FX,challenge
EDSTGRID,challenge
MANYLEFT,challenge
SMPAINT,challenge
LAND,challenge
KALKI,challenge
FAULT,challenge
STEPAVG,challenge
SEASOR,challenge
LMATRIX2,challenge
CKROACH,challenge
CLOSEST,challenge
SPELL,challenge
SEASORT2,challenge
DIVLAND,challenge
EFFPAINT,challenge
DELNMS,challenge
SIMGRAPH,challenge
MAXRECT,challenge
MINESWPR,challenge
CHEFPNT,challenge
SEAND2,challenge
SEAPERM,challenge
CHALENGE,challenge
NSUDOKU,challenge
CHAORNOT,challenge
TLCS,challenge
GERALD09,challenge
FACTORIZ,challenge
SEAVEC,challenge
