cook33,5
cook32,5
cook31,5
cook30,5
cook37,5
cook36,5
rustinp,2
cook34,3
jan15,9
jan14,9
cook39,4
jan16,7
jan11,5
jan13,10
jan12,5
dominator,1
cook02,4
multiset,1
jump-pointer,1
sliding-window,1
brute-force,2
march11,5
march13,9
kaushik_iska,17
march15,6
cook35,5
march16,9
graph,37
exponentiation,6
anhdq,16
recurrence,3
list,1
pragrame,5
central-nodes,1
shortest-p,1
greedy-algo,1
yellow_agon,1
bipartiteness,2
division,1
cook38,4
string,10
june15,7
june14,8
convex-polygon,1
nomind,1
june11,4
june10,4
greedychxorr,1
june12,8
cook46,4
cook47,5
cook44,5
cook45,5
cook42,3
cook43,4
knapsack,2
cook41,3
akhilravidas,1
matrices,2
divide-and-conq,3
cook48,5
cook49,5
syco,9
disjoint-set,6
witalij_hq,14
hamiltonian,1
kamranmaharov,2
expected-value,2
game-theory,12
tre,1
segment-,1
fourier,3
inversions,4
KADR,1
khadarbasha,5
dpraveen,2
xor,4
chrl3,1
pavel1996,22
sum,1
adhoc,6
lazypropagation,1
xellos0,5
viv001,9
kruskal,1
anton_lunyov,31
Rubanenko,25
med,3
palindromes,2
ma,1
mkagenius,1
dfs-order,2
order-statistic,1
oct14,8
modular,1
oct16,8
march12,7
oct10,5
oct11,4
oct12,8
oct13,7
med-hard,1
nov12,10
nov11,4
nov10,5
rolling-hash,1
nov16,8
nov15,5
nov14,9
search,3
vectors,1
facility-loc,1
bitwise-operatn,7
tanaeem,1
abhra73,6
sept15,6
bellman-ford,1
sept16,6
sept10,6
sept13,7
recursion,4
tu,1
rahulakaneo,1
spooky,6
modul,1
vin,1
jay_adm,4
simp,1
basic-implement,1
mo-algorithm,2
takeway,1
linear-algebra,2
array-string,1
regex,1
chandubaba,1
prefix-minimum,1
mst,4
two,1
pigeonhole,3
abbas,1
april11,5
april12,9
april13,9
april14,10
april15,9
april16,8
rustinpiece,10
int-div,1
parity-obsv,1
two-p,1
deque,2
ltim,1
big-integer,1
floyd-warshall,1
acm15kol,7
cook08,4
cook09,5
eccentricity,1
cook03,2
burnside,2
cook01,3
cook06,3
cook07,2
cook04,5
cook05,3
tuan,2
two-pointers,2
divisors,3
challenge,68
witua,46
ballon_ziq,7
darkshadows,21
v,1
range-tree,2
maxsum,1
fibonacci,4
cook27,4
gomelfk,3
mischievous_me,2
xcw,1
gennady.korotkevich,23
counting,2
dp+lcs,1
rotstrang,1
gcd,7
anshuman_singh,4
grammar-parsing,1
vamsi_kav,1
omelyanenko,5
annealing,1
nssprogrammer,6
segment-tre,1
xiaodao,4
easy-med,1
map,2
june16,8
algebra,2
tries,1
preprocessing,1
june13,9
multiplication,1
data,1
shiplu,8
convex-hull,5
manhattan,2
spectra,1
st,1
ltime22,4
july16,10
july15,10
ltime21,4
so,1
july12,9
ltime24,4
july10,5
kd-tree,1
ltime28,4
ltime29,4
bipartite,5
se,3
euclids-algo,1
precomputati,1
fft,12
researching,1
xcwgf666,67
dijkstra,5
sqrt,1
anudeep2011,18
bridges,1
rustinpi,2
symmetry,1
gerald,9
prefix-sums,1
furko,21
suffix_automata,1
piyushkumar,8
lp,2
strin,1
feb11,4
feb13,7
feb12,9
feb15,9
feb14,7
feb16,8
yellow_,1
combination,1
factorial,2
acmamr15,3
min-cost-flow,2
m0stik,2
basics,1
scanline,1
kaizer,6
kostya_by,39
grap,1
alei,3
interpo,1
permutation,1
binary-search,21
bruteforce,7
bignum,3
series,1
hard,173
matrix-expo,14
cook55,5
cook54,5
cook57,5
cook56,4
cook51,5
cook50,5
cook53,5
cook76,2
loops,4
hld,1
cook59,4
cook58,5
seapror,1
suffix-array,5
dsu,1
combinatorial,1
centroid-decomp,3
link-cut-tree,2
math,16
bezout-identity,1
ltime19,4
ltime18,4
linear,2
ltime13,3
ltime12,4
ltime11,4
ltime10,4
ltime17,4
ltime16,3
greedy,62
ltime14,4
segment-tr,1
maths,47
sept1,1
shortest,1
subtr,1
language,2
binay-ops,1
geometry,31
gamabunta,11
programming,7
two-pointe,1
binarysearch,11
minimario,1
meet-in-middle,1
na2a,2
vineetp,1
suffix,2
probability,11
fenwick-tree,2
lexman,1
number,1
randomized,2
kevinsogo,13
rmq,2
miller-rabin,1
finding-pattern,1
array,2
polygons,2
mugureli,1
rebr,1
dfs,14
stack,1
priority,1
kingofnumbers,8
g,1
realization,1
bits,1
easy-,1
snckpb16,3
explanation,1
rubanalexey,1
piyushku,1
aho-corasick,3
biginteger,3
number-the,1
stl,1
satej,6
pointers,1
tree,8
subsequence,1
r,2
meteora,1
interactive,4
ACRush,2
merging,1
programmin,1
sqrt-decomp,6
bitwise,3
paths-i,1
cook19,5
cook18,3
lunchtime,1
cook11,5
cook10,3
modular-arith,1
cook12,4
cook15,2
cook14,2
cook17,5
cook16,4
paley-const,1
constructions,1
test-ge,1
ltime23,4
line-clipping,1
fiter,2
number-theory,17
ltime20,4
vinaya,1
july14,10
lis,1
july13,9
fastmodexp,1
persistence,4
ltime27,3
vamsi_kava,1
july11,5
ltime25,3
mugurelionut,2
precalculation,1
re_01,1
segment-t,2
snck15el,3
edge-cover,1
segment,1
max-indep-set,1
hamming-dis,1
mgch,21
max-flow,1
m,1
graphs,10
fast-expo,1
partial-sums,1
may15,7
dpmgc,1
ltime40,3
ltime41,3
ltime42,3
union-find,5
basic-graph,1
binary-tree,1
hashmaps,1
precomputa,1
hypercube,1
backtracking,4
eartemov,2
palindrome,7
supersequen,1
bicolor,1
implementation,24
iep,1
may12,9
aangairbender,1
shangjingbo,11
bfs,13
kernel-polygon,1
admin2,30
heavy-light,11
garner-algo,1
oct,1
karatsuba,1
chinese-rem,2
devuy11,18
pavel19,1
shortest-path,4
alex_2oo8,2
expectation,3
trees,8
suh_ash2008,2
combinations,1
basic-prog,7
string-process,2
dp,91
prime,4
ad-hoc,82
factorization,3
acm15chn,1
yogesh01,6
x,1
sep,1
advanced-math,3
guessing,1
set,1
modulo,4
mergesort,2
maximum-flow,2
seg,1
prim,1
nurbakhyt,1
aekd_adm,1
pattern,1
segtree,1
ltime26,3
prateekg603,4
meet-in-mid,1
ashwin_jain,1
subarray,1
conditions,1
ma5t,1
offline-process,1
lazy,1
cook23,5
pavel1,2
bitmasking,4
sereja,42
vinayak,10
cook60,5
cook61,4
cook62,5
cook63,5
cook64,3
easy-medium,68
cook66,5
cook67,5
cook68,5
maxflow,6
string-parsing,1
cakewalk,112
inpr1501,2
patte,1
oct15,9
admin,126
treaps,1
trigonometry,1
pdn,1
data-structure,17
inpr1502,2
games,1
logic,1
sprague-grundy,2
bitset,4
ltime08,4
ltime09,4
simple,98
ltime01,3
ltime02,3
ltime03,4
ltime04,4
ltime05,2
ltime06,4
ltime07,3
friggstad,35
nov13,8
permut,1
pavel199,2
cook69,3
cook40,3
guessinggame,1
inclusn-exclusn,4
sieve,6
cgy4ever,6
treap,3
matrix-exp,1
gennady.korotkevi,1
basic,1
dilworth,1
wwwwodddd,4
balajiganapath,1
sep12,7
sep11,4
manacher,1
precision,1
angles,1
input,1
berezin,27
segme,3
hackenbush,1
handling,1
cook65,3
errichto,1
vicky002,16
euclidean,1
optimization,3
dynamic-bcc,1
mobius_function,2
loop,4
div_adm,3
cook13,5
zeckendorf,1
binary,3
basic-math,12
hash-map,3
vamsi_kavala,15
digit-dp,2
iscsi,6
xcwgf6,2
s,2
enumeration,3
frndmting,1
mediu,1
interpolation,2
cook24,3
cook25,4
cook26,5
mo-alg,1
cook20,2
cook21,3
cook22,3
nim,2
bipin2,1
gauss-elim,7
cook28,5
cook29,4
piyushkuma,1
dzy493941464,1
colouring,1
thocevar,9
sept14,6
datatypes,1
eulerian,1
code_master01,5
iitgfaculties,4
snckql16,4
yellow_agony,11
memoization,2
simple-math,30
rebryk,1
piyushk,1
greens-theorem,1
sets,4
prefix-sum,4
animesh_f,1
2d-fenwick,1
heaps,1
may14,9
may16,8
may11,4
may10,3
may13,9
wittyceaser,2
mincut-maxflow,1
egor_bobyk,2
intervals,1
dp+bitmask,7
xcwg,1
tuananh93,22
utkarsh_lath,4
ltime36,3
easy,216
pieguy,37
ltime31,3
lcs,2
lcp,4
segment-trees,2
cenadar,8
probabili,1
game,5
poly,1
medium-hard,65
lca,13
tapasjain,1
bit,19
lcm,4
partial-ord,1
sorting,28
tree-dp,2
march14,9
aug16,7
aug15,9
act-select,1
aug13,10
aug12,8
aug11,4
aug10,4
t,2
integrals,1
simple-,1
parity,1
aug14,9
inverse-element,1
pnkjjindal,2
convex,1
matching,8
inclusn-ex,1
ma5termind,21
ltime35,2
medi,2
decomposition,3
kmp,4
order-statis,1
malinovsky239,2
chefs,1
processing,1
constructive,3
binomial,5
hadamard,1
rus,1
antoniuk1,21
difference-seq,1
simulation,3
euler-tour,1
adurysk,4
sparse-tables,1
sept,1
suffix-trees,1
discretization,1
si,1
digraph,1
garg,8
stzgd,1
kuruma,10
laycurse,26
cook75,5
cook74,4
cook73,3
cook72,4
cook71,5
cook70,4
april10,6
ztxz16,1
dynamic-prog,42
log,1
edit-distance,1
combinatorics,38
snck151a,3
snck151b,2
snck151c,2
wjmzbmr,2
tsaplusb,1
numeral-systems,1
flying_ant,20
medium,195
splay-tree,1
easy-me,1
construction,2
heuristic,5
heap,2
ltime15,4
line-sweep,5
snckpa16,4
karthikv1392,6
directed,1
inverse,1
partitioning,1
primenumbers,1
travel-salesman,1
tuanan,2
dynamic,1
amitpandeykgp,13
graph-theory,1
fushar,5
dec14,9
dec15,8
dec12,9
dec13,9
dec10,5
dec11,6
funtional-ds,1
precompu,1
ad,2
trie,5
flow,1
cook52,3
pie,2
MichaelD,3
basic_math,1
basic-maths,3
probabi,1
order-statist,1
functions,1
polygon,1
fenwick,12
offlin,1
segment-tree,29
ltime34,3
ltime37,3
recurre,1
binary-numbers,1
ltime30,2
ltime33,2
ltime32,2
rosyish,3
mathematics,3
pollard-rho,1
ltime39,2
ltime38,3
arithmetic,4
simple-ma,1
shangj,1
heavy-decomp,1
prime-factor,3
sqr,1
kirchhoff,1
gar,1
hashing,8
string-ha,1
algorithm,3
factors,2
simple-easy,2
shangjingb,1
shettynamit,3
strings,11
