cook33,3
cook32,3
cook31,3
cook30,3
cook37,3
cook36,3
rustinp,1
cook34,2
jan15,6
jan14,5
cook39,2
jan16,6
jan11,4
jan13,4
jan12,4
dominator,1
cook02,3
multiset,1
jump-pointer,1
sliding-window,1
brute-force,1
march11,4
march13,4
kaushik_iska,5
march15,4
cook35,3
march16,5
graph,29
exponentiation,4
anhdq,12
recurrence,2
list,1
pragrame,3
central-nodes,1
shortest-p,1
yellow_agon,1
bipartiteness,1
division,1
cook38,3
string,5
june15,3
june14,4
convex-polygon,1
nomind,1
june11,3
june10,3
greedychxorr,1
june12,6
cook46,3
cook47,3
cook44,3
cook45,4
cook42,2
cook43,3
knapsack,1
cook41,1
akhilravidas,1
matrices,2
divide-and-conq,3
cook48,3
cook49,3
syco,9
disjoint-set,4
witalij_hq,6
kamranmaharov,1
expected-value,2
game-theory,7
tre,1
segment-,1
fourier,3
inversions,4
KADR,1
khadarbasha,1
xor,4
pavel1996,16
adhoc,2
xellos0,3
viv001,4
kruskal,1
anton_lunyov,23
Rubanenko,15
med,3
palindromes,2
dfs-order,2
oct14,4
modular,1
oct16,7
march12,4
oct10,3
oct11,3
oct12,4
oct13,5
med-hard,1
nov12,7
nov11,3
nov10,4
rolling-hash,1
nov16,8
nov15,4
nov14,4
vectors,1
bitwise-operatn,5
tanaeem,1
abhra73,1
sept15,3
bellman-ford,1
sept16,3
sept10,5
sept13,3
recursion,3
tu,1
rahulakaneo,1
spooky,6
modul,1
vin,1
basic-implement,1
mo-algorithm,2
takeway,1
linear-algebra,1
array-string,1
regex,1
prefix-minimum,1
mst,3
two,1
pigeonhole,2
abbas,1
april11,2
april12,5
april13,4
april14,6
april15,5
april16,4
rustinpiece,7
int-div,1
parity-obsv,1
two-p,1
deque,1
big-integer,1
floyd-warshall,1
acm15kol,7
cook08,3
cook09,3
eccentricity,1
cook03,2
burnside,2
cook01,3
cook06,2
cook07,1
cook04,3
cook05,1
tuan,1
two-pointers,2
divisors,1
witua,27
ballon_ziq,2
darkshadows,12
v,1
range-tree,2
fibonacci,2
cook27,3
gomelfk,3
mischievous_me,1
xcw,1
gennady.korotkevich,15
counting,2
dp+lcs,1
rotstrang,1
gcd,4
grammar-parsing,1
vamsi_kav,1
omelyanenko,4
nssprogrammer,2
xiaodao,4
easy-med,1
map,1
june16,4
algebra,2
tries,1
preprocessing,1
june13,4
multiplication,1
shiplu,5
convex-hull,5
manhattan,2
spectra,1
st,1
ltime22,4
july16,7
july15,4
ltime21,3
so,1
july12,4
ltime24,3
july10,4
ltime28,3
ltime29,3
bipartite,5
se,3
euclids-algo,1
fft,12
xcwgf666,53
dijkstra,3
sqrt,1
anudeep2011,12
bridges,1
rustinpi,2
gerald,6
prefix-sums,1
furko,15
suffix_automata,1
piyushkumar,7
lp,2
strin,1
feb11,3
feb13,4
feb12,5
feb15,3
feb14,3
feb16,8
yellow_,1
combination,1
factorial,1
acmamr15,1
min-cost-flow,2
kaizer,3
kostya_by,25
grap,1
alei,3
interpo,1
binary-search,16
bruteforce,4
bignum,3
series,1
hard,173
matrix-expo,9
cook55,3
cook54,3
cook57,3
cook56,2
cook51,3
cook50,3
cook53,3
cook76,2
hld,1
cook59,3
cook58,4
seapror,1
suffix-array,5
dsu,1
combinatorial,1
centroid-decomp,3
link-cut-tree,2
math,12
bezout-identity,1
ltime19,4
ltime18,4
linear,2
ltime13,3
ltime12,3
ltime11,4
ltime10,4
ltime17,3
ltime16,2
greedy,31
ltime14,4
segment-tr,1
maths,35
sept1,1
shortest,1
subtr,1
language,1
geometry,24
gamabunta,5
programming,2
two-pointe,1
binarysearch,8
minimario,1
na2a,1
suffix,2
probability,5
fenwick-tree,2
lexman,1
number,1
kevinsogo,11
rmq,2
array,1
polygons,1
mugureli,1
rebr,1
dfs,11
kingofnumbers,7
bits,1
easy-,1
snckpb16,3
explanation,1
rubanalexey,1
piyushku,1
aho-corasick,3
biginteger,3
number-the,1
stl,1
satej,4
tree,7
subsequence,1
r,1
meteora,1
interactive,1
ACRush,1
merging,1
programmin,1
sqrt-decomp,6
bitwise,2
paths-i,1
cook19,4
cook18,2
lunchtime,1
cook11,4
cook10,2
modular-arith,1
cook12,2
cook15,2
cook14,2
cook17,3
cook16,2
paley-const,1
ltime23,4
line-clipping,1
fiter,2
number-theory,14
ltime20,3
vinaya,1
july14,4
lis,1
july13,4
persistence,4
ltime27,1
july11,4
ltime25,2
mugurelionut,1
re_01,1
segment-t,2
snck15el,2
edge-cover,1
segment,1
max-indep-set,1
mgch,17
max-flow,1
m,1
graphs,10
fast-expo,1
partial-sums,1
may15,3
ltime40,3
ltime41,2
ltime42,3
union-find,3
basic-graph,1
binary-tree,1
precomputa,1
hypercube,1
backtracking,3
eartemov,1
palindrome,5
supersequen,1
bicolor,1
implementation,12
iep,1
may12,6
shangjingbo,8
bfs,10
kernel-polygon,1
admin2,18
heavy-light,11
garner-algo,1
oct,1
karatsuba,1
chinese-rem,2
devuy11,13
pavel19,1
shortest-path,3
alex_2oo8,2
expectation,2
trees,8
basic-prog,3
dp,69
prime,2
ad-hoc,22
factorization,2
yogesh01,6
x,1
kevind,2
advanced-math,3
guessing,1
set,1
modulo,2
mergesort,2
maximum-flow,2
seg,1
prim,1
nurbakhyt,1
aekd_adm,1
pattern,1
segtree,1
ltime26,1
prateekg603,1
meet-in-mid,1
ashwin_jain,1
lazy,1
cook23,5
pavel1,2
bitmasking,3
sereja,28
vinayak,5
cook60,3
cook61,2
cook62,2
cook63,3
cook64,2
easy-medium,59
cook66,3
cook67,4
cook68,3
maxflow,6
string-parsing,1
cakewalk,26
inpr1501,2
oct15,4
admin,82
treaps,1
pdn,1
data-structure,14
inpr1502,2
sprague-grundy,1
bitset,3
ltime08,3
ltime09,3
simple,28
ltime01,3
ltime02,3
ltime03,4
ltime04,4
ltime05,2
ltime06,3
ltime07,2
friggstad,20
nov13,4
permut,1
pavel199,2
cook69,2
guessinggame,1
inclusn-exclusn,5
sieve,2
cgy4ever,6
treap,3
matrix-exp,1
dilworth,1
wwwwodddd,3
balajiganapath,1
sep12,4
sep11,3
precision,1
angles,1
berezin,6
segme,3
hackenbush,1
handling,1
cook65,2
errichto,1
euclidean,1
optimization,1
dynamic-bcc,1
mobius_function,2
loop,4
div_adm,2
cook13,3
binary,2
basic-math,3
hash-map,2
vamsi_kavala,4
digit-dp,2
iscsi,5
xcwgf6,1
s,1
enumeration,2
mediu,1
interpolation,2
cook24,2
cook25,3
cook26,3
mo-alg,1
cook20,1
cook21,3
cook22,2
nim,2
gauss-elim,5
cook28,3
cook29,3
piyushkuma,1
dzy493941464,1
colouring,1
thocevar,9
sept14,3
eulerian,1
code_master01,4
iitgfaculties,3
snckql16,2
yellow_agony,4
memoization,1
simple-math,7
rebryk,1
piyushk,1
greens-theorem,1
sets,3
prefix-sum,2
animesh_f,1
2d-fenwick,1
heaps,1
may14,4
may16,4
may11,2
may10,3
may13,4
wittyceaser,1
mincut-maxflow,1
egor_bobyk,1
intervals,1
dp+bitmask,7
xcwg,1
tuananh93,18
utkarsh_lath,4
ltime36,2
easy,90
pieguy,20
ltime31,3
lcs,1
lcp,4
segment-trees,2
cenadar,6
probabili,1
game,5
poly,1
medium-hard,65
lca,12
bit,15
lcm,3
partial-ord,1
sorting,5
tree-dp,2
march14,4
aug16,6
aug15,4
act-select,1
aug13,4
aug12,5
aug11,4
aug10,3
t,2
integrals,1
simple-,1
parity,1
aug14,5
inverse-element,1
pnkjjindal,2
convex,1
matching,8
inclusn-ex,1
ma5termind,8
medi,2
decomposition,3
kmp,4
order-statis,1
malinovsky239,2
chefs,1
processing,1
constructive,3
binomial,5
hadamard,1
rus,1
antoniuk1,8
euler-tour,1
adurysk,3
sparse-tables,1
sept,1
suffix-trees,1
discretization,1
garg,4
kuruma,2
laycurse,19
cook75,3
cook74,4
cook73,3
cook72,2
cook71,4
cook70,3
april10,5
ztxz16,1
dynamic-prog,34
log,1
edit-distance,1
combinatorics,29
snck151a,2
snck151b,1
snck151c,1
wjmzbmr,2
numeral-systems,1
flying_ant,16
medium,187
splay-tree,1
easy-me,1
construction,2
heap,2
ltime15,3
line-sweep,5
snckpa16,2
directed,1
inverse,1
partitioning,1
tuanan,2
dynamic,1
amitpandeykgp,8
graph-theory,1
fushar,4
dec14,4
dec15,6
dec12,4
dec13,4
dec10,3
dec11,4
funtional-ds,1
precompu,1
ad,1
trie,5
flow,1
cook52,3
MichaelD,3
basic_math,1
basic-maths,2
probabi,1
order-statist,1
functions,1
polygon,1
fenwick,12
segment-tree,27
ltime34,2
ltime37,3
recurre,1
binary-numbers,1
ltime30,1
ltime33,1
ltime32,2
rosyish,1
mathematics,2
ltime39,2
ltime38,2
arithmetic,2
simple-ma,1
shangj,1
heavy-decomp,1
prime-factor,2
sqr,1
kirchhoff,1
gar,1
hashing,6
string-ha,1
algorithm,1
factors,1
simple-easy,1
shangjingb,1
shettynamit,1
strings,6
